n_samples,n_dimensions,n_repetitions,median_total_seconds,mean_total_seconds,std_total_seconds,min_total_seconds,max_total_seconds,median_clustering_seconds,mean_clustering_seconds,std_clustering_seconds,min_clustering_seconds,max_clustering_seconds,median_overlap_scoring_seconds,mean_overlap_scoring_seconds,std_overlap_scoring_seconds,min_overlap_scoring_seconds,max_overlap_scoring_seconds,median_other_seconds,mean_other_seconds,std_other_seconds,min_other_seconds,max_other_seconds,median_index,mean_index,std_index,min_index,max_index
250,10,3,0.005988582968711853,0.006151541757086913,0.0007768320948895104,0.005292125046253204,0.007173917256295681,0.0045967078767716885,0.0047839720112582045,0.0007125405358629556,0.004020125139504671,0.005735083017498255,0.0011123749427497387,0.001087902889897426,6.790208881616055e-05,0.0009952499531209469,0.0011560837738215923,0.00027950014919042587,0.00027966685593128204,2.4525330392877493e-06,0.00027674995362758636,0.0002827504649758339,0.44799999999999995,0.4306666666666666,0.03950808637341079,0.376,0.46799999999999997
250,25,3,0.0065939160995185375,0.006489111110568047,0.0002332545799312103,0.0061658332124352455,0.006707584019750357,0.005221415776759386,0.005118805294235547,0.00022453910855349212,0.0048072501085698605,0.005327749997377396,0.0010879579931497574,0.0010928474366664886,1.0550191019284993e-05,0.0010830843821167946,0.001107499934732914,0.00027549872174859047,0.00027745837966601056,5.173038266532332e-06,0.0002723340876400471,0.0002845423296093941,0.384,0.37199999999999994,0.025922962793631446,0.33599999999999997,0.39599999999999996
250,50,3,0.006829958874732256,0.006951861238727967,0.0005183945759271798,0.006386749912053347,0.007638874929398298,0.005289624910801649,0.005450749925027291,0.00047889805279895846,0.00496162474155426,0.006101000122725964,0.0012403749860823154,0.0012086806818842888,5.592193945284914e-05,0.001130084041506052,0.001255583018064499,0.00029504112899303436,0.0002924306318163872,5.5223469233927596e-06,0.00028475094586610794,0.0002974998205900192,0.348,0.3453333333333333,0.0037712361663282566,0.33999999999999997,0.348
250,100,3,0.00773879187181592,0.007708583337565263,0.00015317818738439182,0.007507707923650742,0.007879250217229128,0.006218334194272757,0.0061911252948145075,0.0001426422949369571,0.006004416849464178,0.006350624840706587,0.001225875224918127,0.0012114167523880799,2.3577697466065962e-05,0.0011781668290495872,0.0012302082031965256,0.000302750151604414,0.00030604129036267597,1.4426505817747713e-05,0.0002902494743466377,0.00032512424513697624,0.26800000000000007,0.26933333333333337,0.03104119127152751,0.23199999999999998,0.308
250,250,3,0.0092809172347188,0.009334083025654158,0.0001577406270123997,0.009173040743917227,0.009548291098326445,0.007638083305209875,0.007707638976474603,0.00018712741086241274,0.007521291263401508,0.007963542360812426,0.0013258750550448895,0.0013145417906343937,1.9949501228796842e-05,0.001286500133574009,0.0013312501832842827,0.00031695887446403503,0.0003119022585451603,9.762184229653298e-06,0.00029824860394001007,0.0003204992972314358,0.24800000000000005,0.25466666666666665,0.041096093353126494,0.20800000000000002,0.308
250,500,3,0.013037125114351511,0.012415764077256123,0.001381138181830124,0.010501416865736246,0.013708750251680613,0.011047666892409325,0.0102098334270219,0.0013289599149901522,0.008333958219736814,0.011247875168919563,0.0016700001433491707,0.0017861804614464443,0.00017742583538560042,0.0016516661271452904,0.0020368751138448715,0.00042399996891617775,0.0004197501887877782,8.020951141237209e-05,0.00031945807859301567,0.0005157925188541412,0.2,0.20933333333333337,0.02536839678725395,0.184,0.24400000000000005
500,10,3,0.00932266702875495,0.009218680672347546,0.00016219524718083007,0.00898962514474988,0.009343749843537807,0.007348624989390373,0.007282514125108719,0.00016534997408426487,0.007055209018290043,0.0074437083676457405,0.001384334173053503,0.00139999995008111,3.169871307586487e-05,0.0013714577071368694,0.0014442079700529575,0.0005298340693116188,0.0005361665971577168,1.980307524850411e-05,0.0005157073028385639,0.0005629584193229675,0.42800000000000005,0.4320000000000001,0.024657656011875927,0.404,0.4640000000000001
500,25,3,0.009353959001600742,0.00913000013679266,0.00034554643511995256,0.008641875348985195,0.009394166059792042,0.007405667100101709,0.007193180577208598,0.00038065763800928815,0.006658582948148251,0.007515291683375835,0.0013957922346889973,0.0013907502094904582,4.340383369451671e-05,0.0013352502137422562,0.001441208180040121,0.0005436241626739502,0.0005460693500936031,4.590176834026931e-06,0.0005420842207968235,0.0005524996668100357,0.406,0.4080000000000001,0.005887840577551903,0.402,0.41600000000000004
500,50,3,0.01063604187220335,0.01034477756669124,0.0004254448944572094,0.009743208065629005,0.010655082762241364,0.008414958138018847,0.00823369420443972,0.00027454435261553485,0.007845708169043064,0.008440416306257248,0.0015934589318931103,0.0015454026870429516,0.00011628912442545464,0.001385166309773922,0.0016575828194618225,0.0005825418047606945,0.0005656806752085686,3.856351783296298e-05,0.0005123335868120193,0.0006021666340529919,0.376,0.3866666666666667,0.017987650084309404,0.372,0.41200000000000003
500,100,3,0.009476458188146353,0.010051471957316002,0.0008792900450661202,0.009384125005453825,0.011293832678347826,0.007360375020653009,0.00792920837799708,0.0008223410696833979,0.007335166912525892,0.00909208320081234,0.0016149580478668213,0.0015824724299212296,7.7560131549568e-05,0.0014754999428987503,0.0016569592989981174,0.0005447901785373688,0.0005397911493976911,9.620443678565353e-06,0.0005263332277536392,0.0005482500419020653,0.312,0.3126666666666667,0.028581268146968025,0.278,0.34800000000000003
500,250,3,0.011101500131189823,0.010954513680189848,0.00021346276587245338,0.010652665980160236,0.011109374929219484,0.008674959186464548,0.00856151400754849,0.0003051479725870976,0.008144207764416933,0.008865375071763992,0.001875624991953373,0.0018183750410874684,0.00012174720516694864,0.001649125013500452,0.0019303751178085804,0.0005780830979347229,0.0005746246315538883,1.811199916801496e-05,0.0005509159527719021,0.00059487484395504,0.266,0.24133333333333332,0.037747700445045516,0.188,0.27
500,500,3,0.01551433326676488,0.015793263756980497,0.0014655565136864784,0.01415412500500679,0.017711332999169827,0.012271333020180464,0.012786694336682558,0.0015669212637936074,0.011177917011082172,0.014910832978785038,0.002129167318344116,0.002210250124335289,0.0002441888827741827,0.0019600829109549522,0.0025415001437067986,0.0008404171094298363,0.0007963192959626516,6.710180047316603e-05,0.0007015001028776169,0.0008470406755805016,0.192,0.18066666666666667,0.029679772386069444,0.13999999999999999,0.21000000000000005
1000,10,3,0.01048591686412692,0.010736875236034393,0.0004916235441415352,0.010300833731889725,0.011423875112086535,0.0077146668918430805,0.007989569411923489,0.0004777355539970925,0.007592541165649891,0.008661500178277493,0.0018068328499794006,0.0017935972039898236,2.4216340421744996e-05,0.0017596250399947166,0.0018143337219953537,0.0009555420838296413,0.0009537086201210817,3.608467261305341e-06,0.0009486675262451172,0.0009569162502884865,0.43499999999999994,0.43533333333333335,0.0053124591501697484,0.429,0.442
1000,25,3,0.011752957943826914,0.011161624609182278,0.0009172140227920465,0.009866124950349331,0.01186579093337059,0.008871750440448523,0.008337916806340218,0.0009024964208429445,0.007067000027745962,0.009074999950826168,0.0018414999358356,0.0018494861821333568,3.4100677162217496e-05,0.001812291331589222,0.0018946672789752483,0.0009784996509552002,0.000974221620708704,1.218602748971106e-05,0.0009576249867677689,0.000986540224403143,0.441,0.4403333333333334,0.001699673171197571,0.43800000000000006,0.442
1000,50,3,0.01096433401107788,0.011258416809141636,0.0009010375554700232,0.010331708006560802,0.012479208409786224,0.008044667076319456,0.008366791686664024,0.0008721285274809157,0.0074967918917536736,0.009558916091918945,0.0019751661457121372,0.0019449304478863876,4.385447173809284e-05,0.0018829172477126122,0.001976707950234413,0.0009451261721551418,0.0009466946745912234,3.853571429304338e-06,0.0009429589845240116,0.0009519988670945168,0.43499999999999994,0.43533333333333335,0.008576453553512412,0.425,0.446
1000,100,3,0.01320204185321927,0.01258176409949859,0.0011118732082846339,0.011020292062312365,0.013522958382964134,0.010321040637791157,0.009679361091305813,0.0011411241723290587,0.008076167199760675,0.010640875436365604,0.00192958302795887,0.0019458749641974766,2.7639567594767266e-05,0.0019232500344514847,0.0019847918301820755,0.0009588329121470451,0.0009565280439953009,3.6189782487068925e-06,0.000951418187469244,0.0009593330323696136,0.37300000000000005,0.3743333333333334,0.018803073034893956,0.352,0.398
1000,250,3,0.01664375001564622,0.015452625074734291,0.0023620372134131,0.012154333293437958,0.017559791915118694,0.013234459329396486,0.012039180845022202,0.0023685991496796453,0.008731583133339882,0.014151500072330236,0.002323832828551531,0.0023121247068047523,2.318262217125218e-05,0.002279750071465969,0.002332791220396757,0.0010899589397013187,0.0011013195229073365,2.0081248551020273e-05,0.001084459014236927,0.0011295406147837639,0.296,0.2956666666666667,0.033885427874268056,0.254,0.337
1000,500,3,0.019037208054214716,0.020063902406642836,0.0015378086653996903,0.018916916102170944,0.022237583063542843,0.014817208051681519,0.015803500078618526,0.0015464884743401717,0.014606125187128782,0.01798716699704528,0.0030367919243872166,0.0030372226610779762,3.1759902373607496e-05,0.0029985420405864716,0.0030763340182602406,0.0012214579619467258,0.0012231796669463317,8.591628401366222e-06,0.0012136241421103477,0.0012344568967819214,0.24800000000000005,0.246,0.0050990195135928095,0.23899999999999996,0.251
2000,10,3,0.014390207827091217,0.01405552759145697,0.0006185578690196129,0.01318824989721179,0.014588125050067902,0.009516958147287369,0.009346236009150743,0.0005138727562275493,0.008649124763906002,0.00987262511625886,0.0027379170060157776,0.0027350280433893204,3.598415449632777e-05,0.0026895832270383835,0.0027775838971138,0.0019775829277932644,0.001974263538916906,0.00010050706241590376,0.0018495419062674046,0.0020956657826900482,0.46799999999999997,0.45549999999999996,0.026232930958371158,0.41899999999999993,0.4795
2000,25,3,0.015921332873404026,0.015698999942590792,0.0008140957164104449,0.014609542209655046,0.016566124744713306,0.011005416978150606,0.010828541591763496,0.000772879610079573,0.00980599969625473,0.011674208100885153,0.00304637523368001,0.003023305907845497,4.439015365747584e-05,0.002961208578199148,0.0030623339116573334,0.0018455414101481438,0.0018471524429817994,4.7311885939260765e-06,0.001842333935201168,0.0018535819835960865,0.477,0.4704999999999999,0.011007573150638921,0.45499999999999996,0.4795
2000,50,3,0.018590666353702545,0.018315360726167757,0.001364645852388615,0.016523458063602448,0.019831957761198282,0.01354449987411499,0.013289957928160826,0.001357351448097251,0.011514957994222641,0.014810415916144848,0.0031612920574843884,0.0031613333461185298,3.339127015141882e-05,0.0031204582192003727,0.003202249761670828,0.001860249787569046,0.0018640694518884022,1.8215363495956992e-05,0.001843916717916727,0.0018880418501794338,0.48949999999999994,0.4825,0.013589211407093025,0.46349999999999997,0.49450000000000005
2000,100,3,0.019248166121542454,0.019133679879208405,0.001266203790035556,0.017528832890093327,0.020624040625989437,0.014045375399291515,0.013954125034312407,0.0011140404778311166,0.012546374928206205,0.0152706247754395,0.0032755411230027676,0.0032039303332567215,0.0001511130390251556,0.0029937499202787876,0.0033424999564886093,0.0019887080416083336,0.001975624511639277,3.5387345094717e-05,0.0019272495992481709,0.002010915894061327,0.43950000000000006,0.44333333333333336,0.015145589750448446,0.42699999999999994,0.46349999999999997
2000,250,3,0.02554254187270999,0.025951889343559742,0.00234320938978586,0.023308709263801575,0.02900441689416766,0.01925520785152912,0.019548319280147552,0.0024530221073288546,0.016701291780918837,0.0226884582079947,0.004146333783864975,0.00416755552093188,5.3550747502201766e-05,0.004115208052098751,0.004241124726831913,0.002172125969082117,0.00223601454248031,9.212626672886066e-05,0.002169624902307987,0.002366292756050825,0.3504999999999999,0.35033333333333333,0.013268592824996775,0.33399999999999996,0.3665
2000,500,3,0.04331616684794426,0.04281115252524614,0.004075923167283529,0.037585875019431114,0.047531415708363056,0.034624249674379826,0.03402359737083316,0.004062373765517609,0.02877516718581319,0.03867137525230646,0.006269792094826698,0.006235111504793167,0.0001190571384792801,0.006075083278119564,0.006360459141433239,0.0025409157387912273,0.0025524436496198177,4.855726154675786e-05,0.002499581314623356,0.00261683389544487,0.3135,0.3275,0.042801869118065404,0.2835,0.3855
3500,10,3,0.020796332973986864,0.02185690263286233,0.001592949770473505,0.020665958989411592,0.024108415935188532,0.01250370778143406,0.013502902661760649,0.0014722138199273242,0.012420625425875187,0.015584374777972698,0.004918833263218403,0.004949708003550768,6.413234224025892e-05,0.004891290795058012,0.005038999952375889,0.0034568742848932743,0.0034042919675509133,9.497831836841666e-05,0.0032709604129195213,0.003485041204839945,0.4708571428571428,0.4695238095238095,0.005907833302579336,0.46171428571428574,0.476
3500,25,3,0.02582699991762638,0.024791541664550703,0.0017533327235229074,0.022322624921798706,0.02622500015422702,0.017493417020887136,0.016407347284257412,0.001780721628936437,0.013896625023335218,0.01783199980854988,0.005065750330686569,0.005082583054900169,4.3865451906960475e-05,0.005039290990680456,0.005142707843333483,0.0032942919060587883,0.0033016113253931203,1.867718721363167e-05,0.003283292055130005,0.003327250014990568,0.48114285714285715,0.48695238095238097,0.018767946815365776,0.4674285714285714,0.5122857142857142
3500,50,3,0.02929362514987588,0.02863768038029472,0.0017231275695738714,0.026277208235114813,0.03034220775589347,0.02123745810240507,0.020425014042605955,0.0016449847927847167,0.018130959011614323,0.021906625013798475,0.004857500083744526,0.004904889035969973,0.00016840241025813584,0.004726457875221968,0.005130709148943424,0.0033048735931515694,0.0033077773017187915,1.684744704768617e-05,0.0032887491397559643,0.0033297091722488403,0.47057142857142853,0.47447619047619044,0.006984271282780621,0.4685714285714285,0.48428571428571426
3500,100,3,0.03399270819500089,0.03426351398229599,0.0005512072186617079,0.033765874803066254,0.03503195894882083,0.02425508387386799,0.024392528148988884,0.00042952634157373317,0.023948833346366882,0.024973667226731777,0.005867415573447943,0.0058797077896694345,6.324894665603918e-05,0.0058091250248253345,0.005962582770735025,0.004095708951354027,0.003991278043637673,0.00025246821744881026,0.0036433753557503223,0.00423474982380867,0.4602857142857143,0.45533333333333337,0.008457443152111766,0.4434285714285714,0.4622857142857143
3500,250,3,0.04169466672465205,0.04449390294030309,0.004372764233245601,0.04111808305606246,0.05066895904019475,0.030319999903440475,0.02989924993986885,0.0006728132339641756,0.02894979203119874,0.030427957884967327,0.006968583911657333,0.0070749724594255286,0.000228626440337214,0.006863750051707029,0.007392583414912224,0.003874125424772501,0.007519680541008711,0.005187180958923366,0.003829499240964651,0.01485541695728898,0.41228571428571426,0.4045714285714285,0.016005101227612503,0.38228571428571423,0.41914285714285715
3500,500,3,0.08394783269613981,0.08307993023966749,0.008724325274818786,0.071987375151366,0.09330458287149668,0.06683279108256102,0.06655226399501164,0.00889858764832528,0.05551620898768306,0.07730779191479087,0.012452082708477974,0.012505721921722094,0.0003809849481816804,0.012068250216543674,0.012996832840144634,0.004019083455204964,0.004021944322933753,7.745807095644714e-05,0.003928540740162134,0.004118208773434162,0.3188571428571429,0.32990476190476187,0.030865372212465856,0.2988571428571428,0.372
5000,10,3,0.030569041147828102,0.030511360770712297,0.0007190457629101531,0.0296032908372581,0.031361750327050686,0.01930433278903365,0.01934405555948615,0.0007001990902073028,0.018507041968405247,0.020220791921019554,0.006494832690805197,0.006504166716088851,2.708044511871406e-05,0.006476667243987322,0.006541000213474035,0.004646125715225935,0.004663138495137294,4.417887184122127e-05,0.004619581624865532,0.0047237081453204155,0.4726,0.4778666666666667,0.007590051968787099,0.47240000000000004,0.48860000000000003
5000,25,3,0.03369708266109228,0.033128846902400255,0.002063273541197991,0.03036612505093217,0.035323332995176315,0.022858624812215567,0.022040847223252058,0.0021187851284004155,0.019135499838739634,0.024128417018800974,0.00648475019261241,0.006375152772913377,0.0001694239739474941,0.006135832984000444,0.0065048751421272755,0.00470262486487627,0.00471284690623482,2.391278124177721e-05,0.004690040834248066,0.004745875019580126,0.4856,0.47900000000000004,0.009475582655787781,0.46560000000000007,0.48580000000000007
5000,50,3,0.03102399967610836,0.03238658312087258,0.0025493047387045633,0.03017720766365528,0.03595854202285409,0.01902308315038681,0.02085156909500559,0.002810584439834783,0.018709416035562754,0.02482220809906721,0.00635145790874958,0.006656096937755744,0.00045528820507059823,0.006317165680229664,0.007299667224287987,0.004836958833038807,0.004878917088111241,9.848863868468708e-05,0.004784876015037298,0.00501491641625762,0.5036,0.5002000000000001,0.01224091499847952,0.4838,0.5132000000000001
5000,100,3,0.04186558397486806,0.04353234715138873,0.003400630808860636,0.04045895766466856,0.048272499814629555,0.029404291883111,0.030983055476099253,0.0033134050461238224,0.02795162471011281,0.03559324983507395,0.007489874958992004,0.007474374957382679,0.0001111768357421363,0.007331124972552061,0.0076021249406039715,0.005077125038951635,0.005074916717906793,4.603979546271252e-05,0.0050174579955637455,0.005130167119204998,0.489,0.48513333333333325,0.007535397947170541,0.47459999999999997,0.4917999999999999
5000,250,3,0.08311516605317593,0.08570576350515087,0.009914912255797671,0.07506687473505735,0.09893524972721934,0.06305758282542229,0.06716093079497416,0.009737124703282848,0.05782887525856495,0.08059633430093527,0.012472374830394983,0.013173749980827173,0.0012425662409146175,0.012129084207117558,0.014919790904968977,0.005137792322784662,0.005371082729349534,0.00035053991136564937,0.005108915269374847,0.0058665405958890915,0.45099999999999996,0.4477333333333333,0.004619764303752098,0.4412,0.45099999999999996
5000,500,3,0.1462830831296742,0.14644543065999946,0.011319418799013206,0.13266391726210713,0.16038929158821702,0.1212770827114582,0.12116494433333476,0.01246774686205584,0.10583937494084239,0.1363783753477037,0.01912495819851756,0.019450374878942966,0.0013264708569162113,0.01801312528550625,0.02121304115280509,0.005881042219698429,0.00583011144772172,0.00016176198038748364,0.005611501168459654,0.005997790955007076,0.3912,0.38693333333333335,0.020472637565513863,0.36,0.4096
